-- MySQL dump 10.13  Distrib 8.0.26, for macos11 (arm64)
--
-- Host: localhost    Database: compress
-- ------------------------------------------------------
-- Server version	8.0.26

/*!40101 SET @OLD_CHARACTER_SET_CLIENT=@@CHARACTER_SET_CLIENT */;
/*!40101 SET @OLD_CHARACTER_SET_RESULTS=@@CHARACTER_SET_RESULTS */;
/*!40101 SET @OLD_COLLATION_CONNECTION=@@COLLATION_CONNECTION */;
/*!50503 SET NAMES utf8mb4 */;
/*!40103 SET @OLD_TIME_ZONE=@@TIME_ZONE */;
/*!40103 SET TIME_ZONE='+00:00' */;
/*!40014 SET @OLD_UNIQUE_CHECKS=@@UNIQUE_CHECKS, UNIQUE_CHECKS=0 */;
/*!40014 SET @OLD_FOREIGN_KEY_CHECKS=@@FOREIGN_KEY_CHECKS, FOREIGN_KEY_CHECKS=0 */;
/*!40101 SET @OLD_SQL_MODE=@@SQL_MODE, SQL_MODE='NO_AUTO_VALUE_ON_ZERO' */;
/*!40111 SET @OLD_SQL_NOTES=@@SQL_NOTES, SQL_NOTES=0 */;


 -- mysql  Ver 8.0.26 for macos11 on arm64 (MySQL Community Server - GPL)
/*!1175 SET SQL_SAFE_UPDATES = 0; */;
/*!1055 SET sql_mode=(SELECT REPLACE(@@sql_mode,'ONLY_FULL_GROUP_BY','')); */;

-- COMPANY DATABASE 
CREATE TABLE employee(
	emp_id INT PRIMARY KEY,
    first_name VARCHAR(40),
    last_name VARCHAR(40),
    birthday DATE,
    gender VARCHAR(1),
    salary INT,
    super_id INT,
    branch_id INT
);
CREATE TABLE client(
	client_id iNT PRIMARY KEY,
    client_name VARCHAR(40),
    branch_id INT,
    FOREIGN KEY(branch_id) REFERENCES branch(branch_id) ON DELETE SET NULL
);
CREATE TABLE branch(
	branch_id INT PRIMARY KEY,
    branch_name VARCHAR(40),
    mgr_id INT,
    mgr_start_date DATE,
    FOREIGN KEY(mgr_id) REFERENCES employee(emp_id) ON DELETE SET NULL
);

ALTER TABLE employee ADD FOREIGN KEY(branch_id) REFERENCES branch(branch_id) ON DELETE SET NULL;
ALTER TABLE employee ADD FOREIGN KEY(super_id) REFERENCES employee(emp_id) ON DELETE SET NULL;

CREATE TABLE works_with(
	emp_id INT,
    client_id INT,
    total_sales INT,
    PRIMARY KEY(emp_id, client_id),
    FOREIGN KEY(emp_id) REFERENCES employee(emp_id) ON DELETE CASCADE,
    FOREIGN KEY(client_id) REFERENCES client(client_id) ON DELETE CASCADE
);
-- DELETE CASCADE: when creating fk using this, it deletes referencing rows in child table, 
-- when referenced row in parent table is deleted which has primary key

CREATE TABLE branch_supplier(
	branch_id INT,
    supplier_name VARCHAR(40),
    supply_type VARCHAR(40),
    PRIMARY KEY(branch_id, supplier_name),
    FOREIGN KEY(branch_id) REFERENCES branch(branch_id) ON DELETE CASCADE
);
-- corporate
INSERT INTO employee VALUES(100,'David','Wallace','1967-11-17','M',250000,NULL,NULL); -- foreign key null because branch hasnt been created yet
INSERT INTO branch VALUES(1,'Corporate',100,'2006-02-09');
UPDATE employee SET branch_id=1 WHERE emp_id=100;

INSERT INTO employee VALUES(101, 'Jan', 'Levinson', '1961-05-11', 'F', 110000, 100, 1);

-- Scranton
INSERT INTO employee VALUES(102, 'Michael', 'Scott', '1964-03-15', 'M', 75000, 100, NULL);

INSERT INTO branch VALUES(2, 'Scranton', 102, '1992-04-06');

UPDATE employee
SET branch_id = 2
WHERE emp_id = 102;

INSERT INTO employee VALUES(103, 'Angela', 'Martin', '1971-06-25', 'F', 63000, 102, 2);
INSERT INTO employee VALUES(104, 'Kelly', 'Kapoor', '1980-02-05', 'F', 55000, 102, 2);
INSERT INTO employee VALUES(105, 'Stanley', 'Hudson', '1958-02-19', 'M', 69000, 102, 2);

-- Stamford
INSERT INTO employee VALUES(106, 'Josh', 'Porter', '1969-09-05', 'M', 78000, 100, NULL);

INSERT INTO branch VALUES(3, 'Stamford', 106, '1998-02-13');

UPDATE employee
SET branch_id = 3
WHERE emp_id = 106;

INSERT INTO employee VALUES(107, 'Andy', 'Bernard', '1973-07-22', 'M', 65000, 106, 3);
INSERT INTO employee VALUES(108, 'Jim', 'Halpert', '1978-10-01', 'M', 71000, 106, 3);

-- BRANCH SUPPLIER
INSERT INTO branch_supplier VALUES(2, 'Hammer Mill', 'Paper');
INSERT INTO branch_supplier VALUES(2, 'Uni-ball', 'Writing Utensils');
INSERT INTO branch_supplier VALUES(3, 'Patriot Paper', 'Paper');
INSERT INTO branch_supplier VALUES(2, 'J.T. Forms & Labels', 'Custom Forms');
INSERT INTO branch_supplier VALUES(3, 'Uni-ball', 'Writing Utensils');
INSERT INTO branch_supplier VALUES(3, 'Hammer Mill', 'Paper');
INSERT INTO branch_supplier VALUES(3, 'Stamford Lables', 'Custom Forms');

-- CLIENT
INSERT INTO client VALUES(400, 'Dunmore Highschool', 2);
INSERT INTO client VALUES(401, 'Lackawana Country', 2);
INSERT INTO client VALUES(402, 'FedEx', 3);
INSERT INTO client VALUES(403, 'John Daly Law, LLC', 3);
INSERT INTO client VALUES(404, 'Scranton Whitepages', 2);
INSERT INTO client VALUES(405, 'Times Newspaper', 3);
INSERT INTO client VALUES(406, 'FedEx', 2);

-- WORKS_WITH
INSERT INTO works_with VALUES(105, 400, 55000);
INSERT INTO works_with VALUES(102, 401, 267000);
INSERT INTO works_with VALUES(108, 402, 22500);
INSERT INTO works_with VALUES(107, 403, 5000);
INSERT INTO works_with VALUES(108, 403, 12000);
INSERT INTO works_with VALUES(105, 404, 33000);
INSERT INTO works_with VALUES(107, 405, 26000);
INSERT INTO works_with VALUES(102, 406, 15000);
INSERT INTO works_with VALUES(105, 406, 130000);

SELECT * FROM branch LIMIT 3;
SELECT * FROM employee LIMIT 3;
SELECT * FROM client LIMIT 3;
SELECT * FROM works_with LIMIT 3;
SELECT * FROM branch_supplier LIMIT 3;

SELECT * FROM employee ORDER BY SALARY DESC LIMIT 3;
SELECT * FROM employee ORDER BY gender, first_name,last_name;
SELECT distinct gender FROM employee;
SELECT * FROM employee WHERE birthday BETWEEN '1970-01-01' AND '1975-01-01';

-- find total sales of each salesman
SELECT SUM(total_sales), emp_id, client_id
FROM works_with
GROUP BY client_id;
-- error 1055
-- to solve this
SET sql_mode=(SELECT REPLACE(@@sql_mode,'ONLY_FULL_GROUP_BY',''));

-- Find any clients who are schools
SELECT *
FROM client
WHERE client_name LIKE '%Highschool%';